X1 transaction date,X2 house age,X3 distance to the nearest MRT station,X4 number of convenience stores,X5 latitude,X6 longitude,Y house price of unit area
-0.8226878210265012,1.2541109511131436,-0.7915373376035653,2.004981559067552,1.124069827142587,0.44821991380551324,37.9
-0.8226878210265012,0.15689638272590478,-0.6158664760502527,1.66548774906593,0.9113415290243271,0.40065418139900605,42.2
1.5392886957452359,-0.38732204319416574,-0.41351495211823575,0.30751250905944055,1.4850633027370623,0.6873517465921214,47.3
1.244928258970157,-0.38732204319416574,-0.41351495211823575,0.30751250905944055,1.4850633027370623,0.6873517465921214,54.8
-1.1205947690871332,-1.1158725166032928,-0.5493320797462108,0.30751250905944055,0.8331799952458232,0.5922202817781811,43.1
-1.7093156426372909,-0.9315404691142365,0.8645400645530732,-0.37147511094380414,-0.4818676658491346,-1.3566715761641708,32.1
-1.7093156426372909,1.4735538647905915,-0.36479604512020286,0.9865001290626852,0.8299568392138498,0.1993143003879003,40.3
0.9505678221950781,0.22711811510268815,-0.6309144560902608,0.6470063190610629,0.9177878410882738,0.5811433303958818,46.7
1.244928258970157,1.22777780147185,3.508532323340745,-1.050462730947049,-1.4568723655580167,-3.1785042858960537,18.8
0.9505678221950781,0.016452917972338034,0.5540678191745935,-0.37147511094380414,-0.13860154843079922,-1.205503769062161,22.1
-0.23396694747634336,1.499887014431885,-0.5377284915528515,-1.050462730947049,0.35937605852798477,0.023386249018703238,41.4
0.6526608741344463,-1.0017622014910197,-0.787118355274065,1.66548774906593,0.42706233520171627,0.6345733311813623,58.1
-0.8226878210265012,-0.4136551928354596,-0.4687821018600609,0.30751250905944055,-0.31265197416394697,0.26121491105401695,39.3
-1.7093156426372909,0.23589583164978586,1.0979706644565586,-0.03198130094218181,-0.6406081004298362,-1.4922013342562024,23.8
1.244928258970157,-0.3960997597412638,0.06414047669196013,-0.03198130094218181,1.8154367960269315,0.04554015178330171,34.3
1.5392886957452359,1.5788864633557667,-0.39986811822784435,-0.7109689209454265,1.077334064676969,0.8359132121924681,50.5
0.35830043735936734,-1.5547583439581882,-0.6266396292292412,0.6470063190610629,0.6776627166973813,0.7310079667465971,70.1
-1.4149552058622121,-0.0011025151218577295,-0.5808007415363665,-1.050462730947049,0.5165049150924135,-0.1414648509681946,37.4
0.9505678221950781,-0.0713242474986411,-0.5671055758685907,1.3259939390643076,-0.12329155727835302,0.7264468691189183,42.3
-1.7093156426372909,-1.4230925957517195,-0.8402620919543374,0.9865001290626852,-0.10556419910192678,0.4990435730902566,47.7
0.9505678221950781,-1.1597610993387824,0.9444435851086007,-0.37147511094380414,-0.4746155647769082,-1.4237848698345394,29.3
0.9505678221950781,-0.6330981065129074,-0.6375936700275225,0.9865001290626852,0.5036122909642335,0.7850895529086507,51.6
-0.8226878210265012,-0.2644340115347951,0.2188821890682838,-1.050462730947049,-1.3690413636833063,0.9812167509155044,24.6
-0.23396694747634336,-0.6682089727012991,-0.6375936700275225,0.9865001290626852,0.5036122909642335,0.7850895529086507,47.9
-0.5283273842514223,1.9212174086925853,-0.47792045247712667,-0.03198130094218181,0.36259921455995814,0.3576495466192517,38.8
-0.23396694747634336,1.0171126043415002,0.3200849692901744,-0.7109689209454265,0.5148933370764267,-1.0491232789568254,27.0
-1.7093156426372909,-1.2826491309981531,-0.5546454059616199,0.30751250905944055,0.9524367684334193,0.6873517465921214,56.2
0.35830043735936734,-0.6418758230600052,-0.6397516442715262,0.30751250905944055,-1.0555894395621561,0.3758939371318186,33.6
1.244928258970157,0.13056323308461099,-0.4170855612130377,-0.03198130094218181,0.4157812890895231,0.3003100335808138,47.0
-0.23396694747634336,-0.9315404691142365,-0.5012574908034076,0.30751250905944055,0.5318149062448596,0.8847821153511957,57.1
1.244928258970157,0.718670241740171,2.7222709688509057,-1.3899565409486712,-1.6736296087162432,-2.442864397023662,22.1
-1.4149552058622121,1.043445753982794,-0.24917193408344093,0.9865001290626852,1.1103714140061276,0.046843322534596187,25.0
-1.4149552058622121,1.7719962273919205,-0.47168089924921924,-1.050462730947049,0.35937605852798477,0.07486149367816788,34.2
0.35830043735936734,-0.10643511368703262,-0.602349187169736,0.6470063190610629,0.755824250475599,0.6156773552940741,49.3
-1.4149552058622121,-0.20298999570510962,-0.6960716344361124,0.9865001290626852,1.2215702971135038,0.5909171110268866,55.1
1.244928258970157,-0.3346557439115783,2.3734328001198257,-1.3899565409486712,3.671168881505752,-0.9904805951670933,27.3
-0.8226878210265012,-0.2644340115347951,0.6743656130844292,-0.7109689209454265,-0.41659875619909686,-1.2237481595747282,22.9
0.06394000058428848,-0.5014323583064387,0.2188821890682838,-1.050462730947049,-1.3690413636833063,0.9812167509155044,25.3
-1.7093156426372909,-1.2826491309981531,-0.40085598806461326,0.6470063190610629,0.24011928534038868,0.9030265058628366,47.7
0.06394000058428848,-0.1327682633283264,-0.6295498360871592,0.30751250905944055,1.0475198713803562,0.6593335754485498,46.2
-0.5283273842514223,-0.3609888935528721,2.3754904661176512,-1.3899565409486712,-2.2143140331003925,-1.9255056089236486,15.9
1.244928258970157,-0.08010196404573881,2.3632664880604883,-1.3899565409486712,-2.0998919939610428,-1.9509174385655574,18.2
0.9505678221950781,1.6139973295441583,-0.4472067964356532,0.30751250905944055,-0.4818676658491346,0.27489820393890513,34.7
-1.4149552058622121,1.4647761482434936,-0.45249524367057264,0.6470063190610629,1.4866748807533354,0.628709062802389,34.1
1.5392886957452359,-1.3177599971865448,-0.4361027686626362,-0.03198130094218181,0.43673180329820904,0.9310446770073343,53.9
-0.23396694747634336,1.6578859122796479,-0.471485512096711,1.3259939390643076,0.09024252984790022,0.75446504026249,38.3
0.9505678221950781,0.35000614676205877,-0.4911803152187548,1.66548774906593,0.10232936496837301,0.7310079667465971,42.0
1.5392886957452359,1.5964418964499623,-0.3511157751477521,-0.37147511094380414,0.5318149062448596,0.24688003279440746,61.5
0.9505678221950781,0.5694490604395066,2.790457598849698,-1.3899565409486712,-1.788051647855593,-2.4487286654026352,13.4
-1.7093156426372909,1.0258903208885979,2.714877791559528,-1.050462730947049,-1.593856496922039,-2.472185738918528,13.2
0.9505678221950781,0.35000614676205877,-0.4526841337644816,-0.03198130094218181,0.4004712979370769,0.32963137547568,44.2
-0.23396694747634336,1.1926669352834585,0.5344387789627612,-1.050462730947049,-1.2094951400946115,1.2679143161095459,20.7
1.5392886957452359,1.2628886676602418,0.2810321008393389,-0.37147511094380414,0.4157812890895231,-1.0334852299459216,27.0
-0.23396694747634336,-0.38732204319416574,-0.4687821018600609,0.30751250905944055,-0.31265197416394697,0.26121491105401695,38.9
-0.23396694747634336,-0.14154597987542414,-0.6295498360871592,0.30751250905944055,1.0475198713803562,0.6593335754485498,51.7
-1.1205947690871332,1.22777780147185,0.06080796102509308,-1.3899565409486712,-1.5592075695768934,-0.21313924226624195,13.7
0.9505678221950781,1.3945544158667105,-0.5646389121087023,1.3259939390643076,0.2828261027654676,0.4710254019457589,41.9
-0.8226878210265012,-1.2475382648097613,-0.8140429663566856,0.9865001290626852,-0.9339152993505799,0.24427369129274445,53.5
1.244928258970157,1.1048897698124793,2.714877791559528,-1.050462730947049,-1.593856496922039,-2.472185738918528,22.6
-0.23396694747634336,-0.38732204319416574,-0.5925257930325624,0.30751250905944055,-0.9081300510936476,0.06639088379753165,42.4
0.9505678221950781,-0.5892095237774179,0.6713531964022066,-0.7109689209454265,-0.4335203253675297,-1.2152775496940917,21.3
1.244928258970157,-1.0895393669619988,-0.6530534209643615,0.6470063190610629,0.5495422644215722,0.7687999185220995,63.2
-0.8226878210265012,-0.04499109785734729,0.865211163166919,-0.37147511094380414,-0.4834792438651213,-1.3566715761641708,27.7
1.5392886957452359,-1.3265377137336427,-0.4361027686626362,-0.03198130094218181,0.43673180329820904,0.9310446770073343,55.0
0.6526608741344463,-0.01865794821605349,-0.06982776237000568,-1.3899565409486712,-0.4818676658491346,1.0287824833229378,25.3
0.9505678221950781,1.9651059914280748,-0.7607443857542125,1.3259939390643076,0.5898317148226709,0.646953453314956,44.3
-0.5283273842514223,-1.466981178487209,-0.705407194551391,0.6470063190610629,-0.2675277897146018,0.49057296320962035,50.7
1.244928258970157,-0.8086524374548656,-0.7757453017355872,0.30751250905944055,-0.18453152188813776,0.4762380849500109,56.8
0.9505678221950781,1.113667486359577,-0.4909737562947529,0.6470063190610629,0.8549362984625024,0.3055227165841398,36.2
-1.1205947690871332,-0.4575437755709491,-0.41351495211823575,0.30751250905944055,1.4850633027370623,0.6873517465921214,42.0
1.5392886957452359,-0.9754290518497261,-0.787118355274065,1.66548774906593,0.42706233520171627,0.6345733311813623,59.0
-0.23396694747634336,1.5613310302615706,-0.3511157751477521,-0.37147511094380414,0.5318149062448596,0.24688003279440746,40.8
1.5392886957452359,1.2979995338486332,-0.5224122305321488,1.3259939390643076,0.5511538424375588,0.3758939371318186,36.3
0.06394000058428848,-0.34343346045867623,2.3754904661176512,-1.3899565409486712,-2.2143140331003925,-1.9255056089236486,20.0
-0.8226878210265012,-0.9578736187555301,-0.5580562824937874,2.004981559067552,1.1603303325034329,0.27750454544056813,54.4
1.244928258970157,-0.4750992086651449,0.2188821890682838,-1.050462730947049,-1.3690413636833063,0.9812167509155044,29.5
1.5392886957452359,1.5964418964499623,-0.3703999166268722,-0.37147511094380414,0.6607411475286622,0.2807624723178784,36.8
-1.1205947690871332,0.2446735481968839,0.8725409545207441,-0.37147511094380414,-0.4681692527126751,-1.36774852754647,25.6
-0.8226878210265012,1.7983293770332145,-0.42107958837069587,-0.7109689209454265,0.560017521525772,0.029250517397676475,29.8
-0.5283273842514223,0.025230634519436072,0.2622207392219449,-1.050462730947049,-1.3867687218597324,1.0105380928103707,26.5
1.244928258970157,-0.5189877914006344,-0.4361027686626362,-0.03198130094218181,0.43673180329820904,0.9310446770073343,40.3
-0.5283273842514223,1.148778352547969,-0.5594522785359779,0.6470063190610629,-0.38356140687022444,0.4091247912796423,36.8
-0.23396694747634336,-0.3960997597412638,-0.7391996640446743,0.9865001290626852,-0.14343628247904558,0.5967813794058598,48.1
-0.8226878210265012,0.6660039424575838,1.2863433706502483,-0.37147511094380414,-0.6825091288469217,-1.6322921899759129,17.7
-0.23396694747634336,-0.2293231453464034,-0.5551064594248984,0.9865001290626852,-0.13537839239882582,0.7349174789995545,43.7
-1.4149552058622121,-1.5547583439581882,-0.5902164056302281,1.66548774906593,-0.04029528945188903,0.7016866248517308,50.8
-1.1205947690871332,-1.3967594461104258,0.29467513157347713,-1.050462730947049,-1.4367276403573241,1.019008702691933,27.0
1.5392886957452359,-0.0713242474986411,2.3632664880604883,-1.3899565409486712,-2.0998919939610428,-1.9509174385655574,18.3
-0.8226878210265012,-0.7735415712664739,0.25555966950930775,-1.3899565409486712,1.34566180434906,-0.3766871715018453,48.0
1.244928258970157,0.4641164618743317,2.2692635580204388,-1.3899565409486712,-1.7082785360613886,-2.015424390734263,25.3
-1.1205947690871332,-1.5547583439581882,-0.6416806368161183,-1.050462730947049,0.46493441857883505,-0.18055997349406552,45.4
0.35830043735936734,-0.7559861381722782,0.25206235040480196,-1.3899565409486712,1.3424386483170867,-0.3753840007505508,43.2
-0.8226878210265012,0.2534512647439819,1.0979706644565586,-0.03198130094218181,-0.6406081004298362,-1.4922013342562024,21.8
-0.8226878210265012,1.2453332345660457,0.04947534771477426,-1.3899565409486712,-1.5978854419620057,-0.1694830221117663,16.1
-0.8226878210265012,2.035327723804858,-0.7259962147874687,0.30751250905944055,-0.2199862382412765,0.44952308455680773,41.0
-0.8226878210265012,-0.8525410201903552,-0.7757453017355872,0.30751250905944055,-0.18453152188813776,0.4762380849500109,51.8
0.9505678221950781,-0.9929844849439218,-0.787118355274065,1.66548774906593,0.42706233520171627,0.6345733311813623,59.5
-0.23396694747634336,0.9381131554176189,-0.36957431479023983,-0.37147511094380414,0.679274294713368,-0.024179483388729883,34.6
0.9505678221950781,-0.11521283023413066,-0.6295498360871592,0.30751250905944055,1.0475198713803562,0.6593335754485498,51.0
0.9505678221950781,-0.9929844849439218,-0.787118355274065,1.66548774906593,0.42706233520171627,0.6345733311813623,62.2
1.244928258970157,-0.01865794821605349,-0.09439440865239962,-0.03198130094218181,1.5865927177482322,0.04879807866061195,38.2
-1.1205947690871332,-0.4399883424767534,-0.7239916345123442,-1.050462730947049,0.377103416704411,-0.22942887665279313,32.9
-0.23396694747634336,-1.4582034619401112,-0.705407194551391,0.6470063190610629,-0.2675277897146018,0.49057296320962035,54.4
-1.4149552058622121,-1.5547583439581882,-0.6936760421587056,0.6470063190610629,-1.0354447143614636,0.3309345462260485,45.7
-1.7093156426372909,1.3155549669428293,-0.5478444910242557,0.6470063190610629,-0.4069292881028904,0.5954782086554914,30.5
-1.1205947690871332,-1.5547583439581882,-0.6266396292292412,0.6470063190610629,0.6776627166973813,0.7310079667465971,71.0
-0.23396694747634336,-0.04499109785734729,-0.7086291017572276,1.3259939390643076,0.6478485234004823,0.6332701604309937,47.1
0.6526608741344463,-0.48387692521224296,0.2188821890682838,-1.050462730947049,-1.3690413636833063,0.9812167509155044,26.6
0.9505678221950781,1.2014446518305562,-0.38933630700609023,-0.7109689209454265,0.28766083681371396,0.14653588497714118,34.1
1.5392886957452359,-1.203649682074272,0.8426291305893205,-0.37147511094380414,-0.4867023998970947,-1.3371240149012353,28.4
-0.23396694747634336,-0.8437633036432574,-0.7757453017355872,0.30751250905944055,-0.18453152188813776,0.4762380849500109,51.6
1.5392886957452359,1.3682212662254163,-0.7030043128911656,0.9865001290626852,0.643013789352236,0.5785369888942189,39.4
0.9505678221950781,-0.6857644057954948,0.807014949250754,-0.37147511094380414,-0.6921785969434144,-1.221141818073065,23.1
0.6526608741344463,-0.2556562949876971,-0.5471989844826968,0.6470063190610629,-0.5890376039162579,0.31008381421274456,7.6
-1.7093156426372909,1.131222919453773,-0.7448223136353439,1.3259939390643076,1.0088419989949577,0.5251069881078125,53.3
-0.23396694747634336,0.2534512647439819,-0.2741200844774841,-0.7109689209454265,0.958077291489659,0.9141034572451359,46.4
-0.5283273842514223,1.1575560690950666,4.2091410527389685,-1.050462730947049,-2.037040451334985,-3.5531658767737673,12.2
-0.5283273842514223,-0.3609888935528721,2.46687238763987,-1.3899565409486712,-2.4318770652668986,-1.92420243817328,13.0
1.244928258970157,0.6660039424575838,0.39603241501815395,-0.37147511094380414,-0.22643255030550957,-1.0602002303391247,30.6
1.244928258970157,-0.09765739713993458,-0.6295498360871592,0.30751250905944055,1.0475198713803562,0.6593335754485498,59.6
0.06394000058428848,-0.38732204319416574,-0.4687821018600609,0.30751250905944055,-0.31265197416394697,0.26121491105401695,31.3
1.244928258970157,-0.3609888935528721,-0.4687821018600609,0.30751250905944055,-0.31265197416394697,0.26121491105401695,48.0
0.35830043735936734,1.210222368377654,-0.5300158491362043,-0.03198130094218181,1.0442967153480964,0.7349174789995545,32.5
0.9505678221950781,-1.5547583439581882,-0.7118685193283133,-1.3899565409486712,0.16679248561013116,-0.10823399682037094,45.5
-0.8226878210265012,-0.6857644057954948,-0.6375936700275225,0.9865001290626852,0.5036122909642335,0.7850895529086507,57.4
0.06394000058428848,-1.4582034619401112,-0.705407194551391,0.6470063190610629,-0.2675277897146018,0.49057296320962035,48.6
-0.23396694747634336,1.8334402432216061,-0.22121374397983334,-0.03198130094218181,0.7534068834516189,0.09180271343944034,62.9
0.35830043735936734,-1.2212051151684675,-0.5546454059616199,0.30751250905944055,0.9524367684334193,0.6873517465921214,55.0
-0.23396694747634336,2.070438589993249,-0.7597553274311145,0.6470063190610629,-0.18453152188813776,0.4579936944374439,60.7
0.9505678221950781,1.824662526674508,-0.6869869241687011,0.9865001290626852,0.9532425574414126,0.5381386956161275,41.0
0.35830043735936734,1.043445753982794,-0.4344778701534561,1.3259939390643076,0.958077291489659,0.20648173951724205,37.5
1.244928258970157,-1.203649682074272,0.8426291305893205,-0.37147511094380414,-0.4867023998970947,-1.3371240149012353,30.7
0.06394000058428848,0.7801142575698566,-0.47628794765544025,0.30751250905944055,0.42706233520171627,0.34331466835964225,37.5
-1.1205947690871332,0.025230634519436072,-0.5629400105174287,1.3259939390643076,1.4157654480470578,0.48601186558101567,39.5
-1.7093156426372909,1.3769989827725144,-0.7106491323546307,0.6470063190610629,-0.2409367524499624,0.5700663790126567,42.2
-0.8226878210265012,0.10423008344331716,-0.05914754882195475,-1.3899565409486712,-0.4399666374317628,1.0522395568388305,20.8
-1.4149552058622121,-0.5540986575890261,-0.5493320797462108,0.30751250905944055,0.8331799952458232,0.5922202817781811,46.8
1.244928258970157,-0.3609888935528721,-0.6059813598563866,0.6470063190610629,-0.3287677543243865,0.613071013792411,47.4
0.06394000058428848,-0.676986689248397,-0.11204992769850841,-1.3899565409486712,0.7574358284915856,-0.6060452236565227,43.5
-1.7093156426372909,-0.42243290938255745,-0.4687821018600609,0.30751250905944055,-0.31265197416394697,0.26121491105401695,42.5
0.35830043735936734,-0.1327682633283264,-0.6295498360871592,0.30751250905944055,1.0475198713803562,0.6593335754485498,51.4
0.6526608741344463,-1.1070948000561949,0.37709982779518914,-0.37147511094380414,0.24978875343659512,-1.1136302311246051,28.9
0.9505678221950781,0.18322953236719858,-0.3512203619447152,0.30751250905944055,0.09185410786388692,0.8541576027050349,37.5
1.244928258970157,-0.3609888935528721,-0.4687821018600609,0.30751250905944055,-0.31265197416394697,0.26121491105401695,40.1
-0.23396694747634336,-0.5102100748535365,0.2188821890682838,-1.050462730947049,-1.3690413636833063,0.9812167509155044,28.4
-0.8226878210265012,-1.3704262964691323,-0.5012574908034076,0.30751250905944055,0.5318149062448596,0.8847821153511957,45.5
-1.4149552058622121,-1.5547583439581882,-0.7118685193283133,-1.3899565409486712,0.16679248561013116,-0.10823399682037094,52.2
-1.4149552058622121,-1.2738714144510552,-0.4706434299163148,1.3259939390643076,0.09185410786388692,0.75446504026249,43.2
1.244928258970157,-0.11521283023413066,2.136664138279937,-1.3899565409486712,-2.9089041580169965,-1.3899024303119945,45.1
-1.7093156426372909,1.5086647309789831,-0.7166032903987042,1.3259939390643076,0.35937605852798477,0.5922202817781811,39.7
0.35830043735936734,1.5876641799028641,-0.7235144968674113,0.9865001290626852,-0.14827101652729197,0.6078583307881591,48.5
1.244928258970157,-1.1246502331503905,-0.551547655960966,1.66548774906593,0.9790278056980586,0.29444576520184057,44.7
0.6526608741344463,-0.5014323583064387,0.2188821890682838,-1.050462730947049,-1.3690413636833063,0.9812167509155044,28.9
0.35830043735936734,-0.9842067683968239,-0.5607395676952643,0.6470063190610629,-1.1966025159661453,0.24557686204403892,40.9
1.244928258970157,-0.0713242474986411,2.3632664880604883,-1.3899565409486712,-2.0998919939610428,-1.9509174385655574,20.7
0.06394000058428848,-0.34343346045867623,2.3754904661176512,-1.3899565409486712,-2.2143140331003925,-1.9255056089236486,15.6
1.5392886957452359,1.1400006360008708,0.14328732761794483,-1.3899565409486712,-1.6276996352589046,-0.2489764379157286,18.3
0.35830043735936734,-0.14154597987542414,-0.21230667280241527,-0.03198130094218181,0.792084755836731,0.0833321035588041,35.6
-0.5283273842514223,-0.5365432244948304,-0.5493320797462108,0.30751250905944055,0.8331799952458232,0.5922202817781811,39.4
-1.7093156426372909,-0.19421227915801173,-0.21230667280241527,-0.03198130094218181,0.792084755836731,0.0833321035588041,37.4
-0.8226878210265012,-1.2475382648097613,-0.8194412297284163,1.3259939390643076,-0.8597827106123291,0.27359503318761064,57.8
0.9505678221950781,0.13056323308461099,-0.3703999166268722,-0.37147511094380414,0.6607411475286622,0.2807624723178784,39.6
-1.4149552058622121,-0.15032369642252216,2.3632664880604883,-1.3899565409486712,-2.0998919939610428,-1.9509174385655574,11.6
1.244928258970157,-0.8086524374548656,-0.7757453017355872,0.30751250905944055,-0.18453152188813776,0.4762380849500109,55.5
-1.1205947690871332,-1.5547583439581882,-0.7118685193283133,-1.3899565409486712,0.16679248561013116,-0.10823399682037094,55.2
-0.8226878210265012,-0.35221117700577426,0.12097072365385082,-1.050462730947049,0.6373732662959962,1.3389371220328719,30.6
0.9505678221950781,-1.5547583439581882,-0.6266396292292412,0.6470063190610629,0.6776627166973813,0.7310079667465971,73.6
0.9505678221950781,0.920557722323423,-0.5972542255091982,1.3259939390643076,0.40691761000131,0.439749303924877,43.4
-0.23396694747634336,0.8678914230408358,-0.45065301062800656,0.30751250905944055,-0.4867023998970947,0.6410891849359828,37.4
0.9505678221950781,-0.8174301540019635,0.6962488157005022,-1.050462730947049,-1.1563130655650464,1.3975798058226043,23.5
0.6526608741344463,0.5518936273453108,2.728607185633582,-1.3899565409486712,-1.7421216743982544,-2.416149396630459,14.4
-0.23396694747634336,-1.2387605482626636,-0.5546454059616199,0.30751250905944055,0.9524367684334193,0.6873517465921214,58.8
1.5392886957452359,-0.9754290518497261,-0.787118355274065,1.66548774906593,0.42706233520171627,0.6345733311813623,58.1
-0.23396694747634336,2.070438589993249,-0.5403690704789019,-0.03198130094218181,1.1466319193672596,0.7323111374978916,35.1
0.9505678221950781,-1.177316532432978,-0.5164743151345734,0.9865001290626852,0.9242341531525069,0.28792991144722013,45.2
-0.23396694747634336,1.0961120532653812,-0.48467359026406,-0.37147511094380414,0.08218463976768045,0.27489820393890513,36.5
-1.1205947690871332,-0.3346557439115783,2.7651269935549427,-1.3899565409486712,-1.6405922593873707,-2.4949912270587737,19.2
-0.23396694747634336,1.3418881165841228,-0.7153175066554346,1.66548774906593,0.6397906333202625,0.6032972331604803,42.0
1.244928258970157,-0.4048774762883617,0.04797547796741821,-0.03198130094218181,1.8315525761873712,0.07811942055547812,36.7
-0.23396694747634336,-0.32587802736448046,-0.5110763686925305,-1.050462730947049,0.47540967568332115,-0.3949315620144122,42.6
-1.7093156426372909,0.8064474072111502,2.666475497319574,-1.3899565409486712,-1.6156128001387182,-2.4207104942581377,15.5
0.06394000058428848,-0.5365432244948304,-0.6988234556825689,1.3259939390643076,1.2779755276750422,0.5114236952238503,55.9
1.244928258970157,-0.36976661009997003,0.8426291305893205,-0.37147511094380414,-0.4867023998970947,-1.3371240149012353,23.6
1.244928258970157,-0.06254653095154306,2.3754904661176512,-1.3899565409486712,-2.2143140331003925,-1.9255056089236486,18.8
-1.4149552058622121,-0.31710031081738255,1.2135073821319189,-1.3899565409486712,-1.1345567623483672,1.8491284710026175,21.8
-1.4149552058622121,1.2014446518305562,0.2879308678178012,-0.37147511094380414,0.3078055620144065,-1.0465169374542365,21.5
0.06394000058428848,0.2797844143852754,0.8725409545207441,-0.37147511094380414,-0.4681692527126751,-1.36774852754647,25.7
-0.5283273842514223,-0.7735415712664739,1.5801245140224933,-1.3899565409486712,-1.1595362215970197,2.1442966460772945,22.0
-0.8226878210265012,1.499887014431885,-0.7082162216064894,1.3259939390643076,0.6478485234004823,0.6358765019326568,44.3
-0.8226878210265012,-0.12399054678122838,2.3632664880604883,-1.3899565409486712,-2.0998919939610428,-1.9509174385655574,20.5
1.244928258970157,1.5437755971673746,-0.37026276530449115,1.3259939390643076,0.8396263073100563,0.1993143003879003,42.3
0.06394000058428848,-0.3960997597412638,-0.26448993821742633,-0.7109689209454265,0.377103416704411,1.0522395568388305,37.8
0.06394000058428848,2.289881503670697,-0.813159366387192,0.9865001290626852,-0.12329155727835302,0.4775412557003794,42.7
0.9505678221950781,-0.7033198388896907,-0.5248408627295053,0.30751250905944055,1.0821687987252153,0.7433880888801907,49.3
1.244928258970157,-0.22054542879930553,2.129774879192108,-1.3899565409486712,-2.852498927455172,-1.4192237722068606,29.3
0.6526608741344463,-0.22054542879930553,-0.49344691711324057,0.30751250905944055,-1.1909619929101918,0.4260660110409148,34.6
-0.5283273842514223,0.4465610287801359,-0.2978972589076511,-0.7109689209454265,0.9645236035538921,0.8971622374838634,36.6
0.35830043735936734,1.4647761482434936,-0.7583787433322997,1.3259939390643076,-0.017733197227216432,0.49057296320962035,48.2
-0.23396694747634336,1.429665282055102,-0.7339144653390545,0.9865001290626852,-0.22159781625726319,0.5602925983816519,39.1
0.9505678221950781,0.04278606761363184,-0.5009420665316577,1.3259939390643076,0.033837299286075574,0.751858698760827,31.6
0.9505678221950781,-0.02743566476315153,-0.06982776237000568,-1.3899565409486712,-0.4818676658491346,1.0287824833229378,25.5
0.9505678221950781,-0.4048774762883617,-0.41351495211823575,0.30751250905944055,1.4850633027370623,0.6873517465921214,45.9
-0.8226878210265012,1.807107093580312,-0.34956329507222683,-0.37147511094380414,0.5285917502128863,0.24557686204403892,31.5
-1.7093156426372909,-0.18543456261091384,-0.6295498360871592,0.30751250905944055,1.0475198713803562,0.6593335754485498,46.1
-0.5283273842514223,0.025230634519436072,0.2622207392219449,-1.050462730947049,-1.3867687218597324,1.0105380928103707,26.6
-0.23396694747634336,-0.4312106259296553,0.28986096961630053,-0.37147511094380414,0.3110287180463799,-1.047820108205531,21.4
0.35830043735936734,0.39389472949754833,-0.5580562824937874,2.004981559067552,1.1603303325034329,0.27750454544056813,44.0
-0.23396694747634336,1.824662526674508,-0.3318428846725478,-0.37147511094380414,0.48346756576354094,0.23189356915915074,34.2
-1.4149552058622121,-0.5453209410419283,0.2188821890682838,-1.050462730947049,-1.3690413636833063,0.9812167509155044,26.2
-1.1205947690871332,1.499887014431885,-0.7196334551434419,1.3259939390643076,0.3577644805117118,0.6091615015394536,40.9
1.244928258970157,-1.098317083509097,-0.5493320797462108,0.30751250905944055,0.8331799952458232,0.5922202817781811,52.2
-0.23396694747634336,-1.5547583439581882,-0.6416806368161183,-1.050462730947049,0.46493441857883505,-0.18055997349406552,43.5
0.6526608741344463,-0.009880231668955455,0.5718832292481805,-0.7109689209454265,1.4254349161432645,-0.8112946169205859,31.1
-0.23396694747634336,-1.0105399180381178,-0.787118355274065,1.66548774906593,0.42706233520171627,0.6345733311813623,58.0
1.5392886957452359,0.03400835106653411,0.5540678191745935,-0.37147511094380414,-0.13860154843079922,-1.205503769062161,20.9
0.6526608741344463,0.13056323308461099,-0.5547638584324227,1.3259939390643076,0.23931349633239532,0.7433880888801907,48.1
0.35830043735936734,1.7632185108448224,-0.3905813652844818,-1.050462730947049,0.20144141295527654,0.1452327142258467,39.7
-0.8226878210265012,0.9030022892292273,-0.56354970400427,0.6470063190610629,0.7534068834516189,0.5101205244725558,40.8
0.9505678221950781,-0.3609888935528721,-0.4687821018600609,0.30751250905944055,-0.31265197416394697,0.26121491105401695,43.8
-1.4149552058622121,1.0171126043415002,-0.4390336551826809,1.3259939390643076,0.9661351815698788,0.20778491026853652,40.2
0.6526608741344463,1.7105522115622354,-0.7110124130092333,1.66548774906593,0.6446253673682226,0.6052519892864962,78.3
0.6526608741344463,-0.764763854719376,0.25206235040480196,-1.3899565409486712,1.3424386483170867,-0.3753840007505508,38.5
1.5392886957452359,1.131222919453773,-0.5172088789183947,2.004981559067552,0.9830567507383117,0.26512442330697444,48.5
0.35830043735936734,-0.7559861381722782,0.25206235040480196,-1.3899565409486712,1.3424386483170867,-0.3753840007505508,42.3
0.6526608741344463,1.4735538647905915,-0.6013295451317684,0.6470063190610629,0.7340679472589197,0.5433513786203795,46.0
0.35830043735936734,-1.4582034619401112,-0.705407194551391,0.6470063190610629,-0.2675277897146018,0.49057296320962035,49.0
-0.5283273842514223,-0.10643511368703262,2.3754904661176512,-1.3899565409486712,-2.2143140331003925,-1.9255056089236486,12.8
-0.8226878210265012,1.2892218173015353,-0.6487747117146669,1.3259939390643076,0.9314862542247334,0.4234596695392518,40.2
0.9505678221950781,-0.5102100748535365,1.6539318920338284,-1.3899565409486712,2.5881884547217537,-1.016544010184649,46.6
1.5392886957452359,1.1663337856421645,0.057464352819154095,-1.3899565409486712,-1.6220591122029513,-0.1571028999781726,19.0
1.244928258970157,-1.203649682074272,0.8426291305893205,-0.37147511094380414,-0.4867023998970947,-1.3371240149012353,33.4
-1.1205947690871332,-0.1327682633283264,2.369723138124516,-1.3899565409486712,-2.1498509124583483,-1.9411436579345527,14.7
-0.8226878210265012,0.8240028403053462,2.6375517016897634,-1.050462730947049,-1.5076370730633153,-2.442864397023662,17.4
0.6526608741344463,1.9299951252396832,-0.5946534212589624,1.66548774906593,0.8968373268798743,0.38827405926541236,32.4
0.35830043735936734,-0.8525410201903552,0.8974864902448632,-0.03198130094218181,-0.7219927902400272,-1.2869519409921393,23.9
-1.4149552058622121,-0.42243290938255745,-0.6602078709684296,0.9865001290626852,-0.2393251744339757,0.6261027213007261,39.3
0.06394000058428848,-1.2387605482626636,-0.5625872677749444,2.004981559067552,1.143408763335,0.2794593015665839,61.9
0.06394000058428848,-0.4136551928354596,-0.2781318596976573,-1.3899565409486712,0.6164227520875966,-0.5330676616071809,39.0
-0.23396694747634336,-0.4312106259296553,-0.2781318596976573,-1.3899565409486712,0.6164227520875966,-0.5330676616071809,40.6
1.244928258970157,0.03400835106653411,-0.195040422645306,-1.3899565409486712,-0.4584997846164687,0.9323478477577029,29.7
-0.23396694747634336,-0.5892095237774179,0.49817093014317587,-0.7109689209454265,-0.39564824199041093,-1.0856120599810335,28.8
1.244928258970157,-0.35221117700577426,-0.6602078709684296,0.9865001290626852,-0.2393251744339757,0.6261027213007261,41.4
-1.1205947690871332,-1.37920401301623,0.7871775277692149,-0.37147511094380414,-0.4399666374317628,-1.3078026730063692,33.4
0.9505678221950781,1.3243326834899267,-0.6970196503646446,1.3259939390643076,1.0741109086449956,0.3824097908864391,48.2
-0.23396694747634336,-1.1334279496974884,0.37709982779518914,-0.37147511094380414,0.24978875343659512,-1.1136302311246051,21.7
0.9505678221950781,-0.8964296029258447,-0.35200262364654533,0.30751250905944055,0.28604925879772725,0.9629723604038635,40.8
0.9505678221950781,-0.11521283023413066,-0.5499235497760053,0.6470063190610629,-0.39564824199041093,0.6104646722907481,40.6
0.6526608741344463,0.35000614676205877,-0.022833745197643213,-1.3899565409486712,-0.5576118326033722,1.037253093203574,23.1
-0.5283273842514223,0.1130077999904152,-0.05914754882195475,-1.3899565409486712,-0.4399666374317628,1.0522395568388305,22.3
-1.1205947690871332,0.025230634519436072,4.137728870842931,-1.050462730947049,-0.9347210883585733,-3.7922977095603754,15.0
0.06394000058428848,1.8861065425041936,-0.5222783277390675,0.9865001290626852,0.4238391791697429,0.3785002786334816,30.0
-0.8226878210265012,1.22777780147185,0.059874603094619984,-1.3899565409486712,-1.5656538816411265,-0.2072749738872687,13.8
-1.1205947690871332,-1.0368730676794113,-0.787118355274065,1.66548774906593,0.42706233520171627,0.6345733311813623,52.7
-1.7093156426372909,1.113667486359577,0.5163650711936442,-0.7109689209454265,-0.35374721357332545,-1.1162365726271941,25.9
-1.7093156426372909,-1.4582034619401112,-0.5973419358002875,0.30751250905944055,1.0886151107894484,0.6899580880937844,51.8
0.9505678221950781,1.210222368377654,3.508532323340745,-1.050462730947049,-1.4568723655580167,-3.1785042858960537,17.4
-1.7093156426372909,-0.273211728081893,-0.5900096090089604,-1.050462730947049,0.4963601898920071,-0.12061411895396465,26.5
0.35830043735936734,-0.03621338131024925,-0.506891232933149,-1.050462730947049,0.4818559877475542,-0.3949315620144122,43.9
0.9505678221950781,-1.5547583439581882,-0.6266396292292412,0.6470063190610629,0.6776627166973813,0.7310079667465971,63.3
-0.23396694747634336,-0.0011025151218577295,-0.195040422645306,-1.3899565409486712,-0.4584997846164687,0.9323478477577029,28.8
0.35830043735936734,-0.06254653095154306,0.3178894388781704,-0.03198130094218181,0.13697829231323214,-1.066064498718098,30.7
0.06394000058428848,-0.1327682633283264,0.9540576471870044,-0.37147511094380414,-0.8202990492189374,-1.2882551117434338,24.4
-0.8226878210265012,-0.15910141296962005,-0.6295498360871592,0.30751250905944055,1.0475198713803562,0.6593335754485498,53.0
0.9505678221950781,-1.2124273986213696,0.8426291305893205,-0.37147511094380414,-0.4867023998970947,-1.3371240149012353,31.7
0.06394000058428848,1.3067772503957313,-0.46765248522043834,0.9865001290626852,0.05237044647078143,0.7727094307750569,40.6
-1.1205947690871332,-0.17665684606381596,-0.21230667280241527,-0.03198130094218181,0.792084755836731,0.0833321035588041,38.1
0.35830043735936734,0.007675201425240307,0.5540678191745935,-0.37147511094380414,-0.13860154843079922,-1.205503769062161,23.7
-1.1205947690871332,1.4911092978847875,-0.47628794765544025,0.30751250905944055,0.42706233520171627,0.34331466835964225,41.1
0.9505678221950781,-0.04499109785734729,-0.5493320797462108,0.30751250905944055,0.8331799952458232,0.5922202817781811,40.1
-0.5283273842514223,-0.009880231668955455,-0.195040422645306,-1.3899565409486712,-0.4584997846164687,0.9323478477577029,23.0
0.6526608741344463,-0.6067649568716136,-0.6586618879515035,-1.050462730947049,0.44881863841839553,-0.18903058337470177,117.5
-0.8226878210265012,-0.0011025151218577295,-0.5009420665316577,1.3259939390643076,0.033837299286075574,0.751858698760827,26.5
-1.4149552058622121,-0.4136551928354596,-0.4687821018600609,0.30751250905944055,-0.31265197416394697,0.26121491105401695,40.5
0.9505678221950781,-0.3960997597412638,-0.7239916345123442,-1.050462730947049,0.377103416704411,-0.22942887665279313,29.3
0.06394000058428848,0.8591137064937377,-0.5465994327458641,0.9865001290626852,0.323921342174846,0.4286723525425778,41.0
-1.7093156426372909,-1.4230925957517195,-0.8402620919543374,0.9865001290626852,-0.10556419910192678,0.4990435730902566,49.7
-0.5283273842514223,0.12178551653751324,-0.49344691711324057,0.30751250905944055,-1.1909619929101918,0.4260660110409148,34.0
0.9505678221950781,0.3061175640265692,0.8725409545207441,-0.37147511094380414,-0.4681692527126751,-1.36774852754647,27.7
-1.4149552058622121,-1.5547583439581882,-0.6936760421587056,0.6470063190610629,-1.0354447143614636,0.3309345462260485,44.0
0.9505678221950781,-1.3265377137336427,0.3726810356235015,-0.37147511094380414,0.09910620893611334,-1.1038564504936004,31.1
0.35830043735936734,-1.3528708633749362,-0.7127396005751401,0.6470063190610629,-0.259469899634382,0.48861820708267867,45.4
0.6526608741344463,-1.1422056662445865,-0.551547655960966,1.66548774906593,0.9790278056980586,0.29444576520184057,44.8
-0.8226878210265012,-1.37920401301623,0.29467513157347713,-1.050462730947049,-1.4367276403573241,1.019008702691933,25.6
0.9505678221950781,1.3857766993196123,0.7089600731526063,-0.7109689209454265,1.4270464941595373,-0.9722362046545263,23.5
-0.8226878210265012,-0.2381008618935013,-0.5551064594248984,0.9865001290626852,-0.13537839239882582,0.7349174789995545,34.4
0.06394000058428848,1.0873343367182835,-0.28966738724056873,-0.37147511094380414,0.4883022998117873,0.2006174711382688,55.3
-0.8226878210265012,-1.0368730676794113,-0.787118355274065,1.66548774906593,0.42706233520171627,0.6345733311813623,56.3
-0.5283273842514223,0.13056323308461099,-0.49344691711324057,0.30751250905944055,-1.1909619929101918,0.4260660110409148,32.9
1.5392886957452359,-0.09765739713993458,-0.6023205050329931,0.6470063190610629,0.755824250475599,0.6150257699184268,51.0
0.6526608741344463,-0.3346557439115783,-0.6295498360871592,0.30751250905944055,1.0475198713803562,0.6593335754485498,44.5
-0.23396694747634336,1.754440794297725,-0.47027697996483453,-1.3899565409486712,0.25301190946856855,0.08789320118740883,37.0
-1.1205947690871332,-1.2563159813568592,-0.8140429663566856,0.9865001290626852,-0.9339152993505799,0.24427369129274445,54.4
-0.23396694747634336,-0.01865794821605349,-0.5452862345846026,0.30751250905944055,-0.9903205299121183,0.04163063953127019,24.5
-1.7093156426372909,-0.44876605902385125,-0.5551064594248984,0.9865001290626852,-0.13537839239882582,0.7349174789995545,42.5
1.244928258970157,0.7625588244756606,-0.5929424763395537,0.6470063190610629,0.8517131424305291,0.523803817356518,38.1
0.06394000058428848,0.04278606761363184,0.8681530629936138,-0.37147511094380414,-0.4867023998970947,-1.3579747469154653,21.8
-1.4149552058622121,-0.4575437755709491,0.04797547796741821,-0.03198130094218181,1.8315525761873712,0.07811942055547812,34.1
-1.1205947690871332,1.5086647309789831,-0.40951339788049307,-0.03198130094218181,0.08057306175169376,0.8105013825505594,28.5
0.6526608741344463,-0.08887968059283685,2.3754904661176512,-1.3899565409486712,-2.2143140331003925,-1.9255056089236486,16.7
0.06394000058428848,1.3594435496783188,-0.7623422660075104,2.004981559067552,1.0273751461796636,0.4710254019457589,46.1
-0.23396694747634336,-1.3353154302807404,-0.7349928186016808,-0.03198130094218181,-0.16680416371171153,0.4273691817912833,36.9
-1.4149552058622121,1.7807739439390184,-0.4929056012065349,-1.3899565409486712,0.2626813775650613,0.07095198142613636,35.7
1.244928258970157,-0.10643511368703262,0.9540576471870044,-0.37147511094380414,-0.8202990492189374,-1.2882551117434338,23.2
1.244928258970157,1.807107093580312,-0.5103956037232076,-1.3899565409486712,0.20788772501922334,0.05661710316560094,38.4
0.9505678221950781,0.20078496546139435,0.4295960612768698,-0.37147511094380414,-0.22643255030550957,-1.086915230732328,29.4
-0.23396694747634336,-0.1327682633283264,-0.6295498360871592,0.30751250905944055,1.0475198713803562,0.6593335754485498,55.0
1.244928258970157,-0.29076716117608875,-0.7241093738913494,-1.050462730947049,0.3754918386884243,-0.23268680352917742,50.2
-1.1205947690871332,-0.6506535396071031,1.5814825577345737,-1.3899565409486712,-1.1627593776292795,2.1442966460772945,24.7
0.9505678221950781,-0.11521283023413066,-0.6295498360871592,0.30751250905944055,1.0475198713803562,0.6593335754485498,53.0
0.35830043735936734,1.1048897698124793,0.14328732761794483,-1.3899565409486712,-1.6276996352589046,-0.2489764379157286,19.1
1.5392886957452359,-0.11521283023413066,0.44339517988223304,-0.7109689209454265,-1.2159414521588445,1.197543095561867,24.7
0.06394000058428848,0.3148952805736672,-0.4326792149429581,-0.03198130094218181,0.4206160231377695,0.31138698496311307,42.2
1.5392886957452359,1.5525533137144727,-0.6064104826536227,1.66548774906593,0.13536671429724545,0.4775412557003794,78.0
0.6526608741344463,-0.8262078705490614,-0.7757453017355872,0.30751250905944055,-0.18453152188813776,0.4762380849500109,42.8
0.35830043735936734,-1.2299828317155657,-0.40085598806461326,0.6470063190610629,0.24011928534038868,0.9030265058628366,41.6
-0.23396694747634336,-0.18543456261091384,0.5328580921450247,-0.7109689209454265,1.1417971853190132,-0.9930869366687562,27.3
0.35830043735936734,-0.38732204319416574,-0.6602078709684296,0.9865001290626852,-0.2393251744339757,0.6261027213007261,42.0
-1.4149552058622121,-0.18543456261091384,-0.2623534359597689,-0.7109689209454265,0.7187579561064735,0.07486149367816788,37.5
0.6526608741344463,-0.9315404691142365,-0.5580562824937874,2.004981559067552,1.1603303325034329,0.27750454544056813,49.8
0.35830043735936734,1.4823315813376896,-0.6427392612056811,0.30751250905944055,-1.0805688988108089,0.3491789367386155,26.9
-1.4149552058622121,-0.36976661009997003,2.46687238763987,-1.3899565409486712,-2.4318770652668986,-1.92420243817328,18.6
-0.8226878210265012,-0.0713242474986411,-0.09439440865239962,-0.03198130094218181,1.5865927177482322,0.04879807866061195,37.7
-0.5283273842514223,-0.42243290938255745,-0.7102421154031163,-1.050462730947049,0.3908018298408705,-0.23138363277880888,33.1
0.9505678221950781,0.9556685885118149,-0.7025949981994148,0.6470063190610629,0.5866085587906976,0.7166730884869876,42.5
-1.7093156426372909,-0.466321492118047,0.49817093014317587,-0.7109689209454265,-0.39564824199041093,-1.0856120599810335,31.3
-0.23396694747634336,1.6578859122796479,-0.471485512096711,1.3259939390643076,0.09024252984790022,0.75446504026249,38.1
1.244928258970157,-1.194871965527174,-0.8140429663566856,0.9865001290626852,-0.9339152993505799,0.24427369129274445,62.1
0.9505678221950781,-1.2475382648097613,-0.25873188041765843,-0.37147511094380414,0.5116701810444534,1.0652712643480715,36.7
-1.1205947690871332,-0.15910141296962005,0.32788540123033294,-0.37147511094380414,0.08057306175169376,-1.0686708402197609,23.6
-0.5283273842514223,-0.3609888935528721,2.46687238763987,-1.3899565409486712,-2.4318770652668986,-1.92420243817328,19.2
-0.23396694747634336,1.2541109511131436,0.05775355115924124,-1.3899565409486712,-1.585798606841819,-0.18903058337470177,12.8
